{
  "OVER_CREDITED": {
    "threshold_pp": 8.0,
    "f1": 0.836734693877551,
    "precision": 0.8541666666666666,
    "recall": 0.82
  },
  "UNDER_CREDITED": {
    "threshold_pp": 6.5,
    "f1": 0.7403846153846153,
    "precision": 0.7129629629629629,
    "recall": 0.77
  },
  "ACCURATE": {
    "threshold_pp": 13.5,
    "f1": 0.6379928315412186,
    "precision": 0.4972067039106145,
    "recall": 0.89
  },
  "_macro": {
    "threshold_pp": 8.0,
    "macro_f1": 0.7093863529953756,
    "accuracy": 0.7066666666666667
  }
}